lot_id,wafer_id,die_id,test_result
1d828f42,1,1,PASS
1d828f42,1,2,PASS
1d828f42,1,3,PASS
1d828f42,1,4,PASS
1d828f42,1,5,PASS
1d828f42,1,6,PASS
1d828f42,1,7,PASS
1d828f42,1,8,PASS
1d828f42,1,9,PASS
1d828f42,1,10,PASS
1d828f42,1,11,PASS
1d828f42,1,12,PASS
1d828f42,1,13,PASS
1d828f42,1,14,PASS
1d828f42,1,15,PASS
1d828f42,1,16,PASS
1d828f42,1,17,PASS
1d828f42,1,18,PASS
1d828f42,1,19,PASS
1d828f42,1,20,PASS
1d828f42,1,21,PASS
1d828f42,1,22,FAIL
1d828f42,1,23,PASS
1d828f42,1,24,PASS
1d828f42,1,25,PASS
1d828f42,1,26,PASS
1d828f42,1,27,PASS
1d828f42,1,28,PASS
1d828f42,1,29,PASS
1d828f42,1,30,PASS
1d828f42,1,31,PASS
1d828f42,1,32,PASS
1d828f42,1,33,PASS
1d828f42,1,34,PASS
1d828f42,1,35,PASS
1d828f42,1,36,PASS
1d828f42,1,37,PASS
1d828f42,1,38,PASS
1d828f42,1,39,PASS
1d828f42,1,40,PASS
1d828f42,1,41,PASS
1d828f42,1,42,PASS
1d828f42,1,43,PASS
1d828f42,1,44,PASS
1d828f42,1,45,PASS
1d828f42,1,46,PASS
1d828f42,1,47,PASS
1d828f42,1,48,PASS
1d828f42,1,49,PASS
1d828f42,1,50,PASS
1d828f42,1,51,PASS
1d828f42,1,52,PASS
1d828f42,1,53,PASS
1d828f42,1,54,PASS
1d828f42,1,55,PASS
1d828f42,1,56,PASS
1d828f42,1,57,PASS
1d828f42,1,58,PASS
1d828f42,1,59,PASS
1d828f42,1,60,PASS
1d828f42,1,61,PASS
1d828f42,1,62,PASS
1d828f42,1,63,PASS
1d828f42,1,64,PASS
1d828f42,1,65,PASS
1d828f42,1,66,PASS
1d828f42,1,67,PASS
1d828f42,1,68,PASS
1d828f42,1,69,PASS
1d828f42,1,70,PASS
1d828f42,1,71,PASS
1d828f42,1,72,PASS
1d828f42,1,73,PASS
1d828f42,1,74,PASS
1d828f42,1,75,PASS
1d828f42,1,76,PASS
1d828f42,1,77,PASS
1d828f42,1,78,PASS
1d828f42,1,79,PASS
1d828f42,1,80,PASS
1d828f42,1,81,PASS
1d828f42,1,82,PASS
1d828f42,1,83,PASS
1d828f42,1,84,PASS
1d828f42,1,85,PASS
1d828f42,1,86,PASS
1d828f42,1,87,PASS
1d828f42,1,88,PASS
1d828f42,1,89,PASS
1d828f42,1,90,PASS
1d828f42,1,91,PASS
1d828f42,1,92,PASS
1d828f42,1,93,PASS
1d828f42,1,94,PASS
1d828f42,1,95,PASS
1d828f42,1,96,PASS
1d828f42,1,97,PASS
1d828f42,1,98,PASS
1d828f42,1,99,PASS
1d828f42,1,100,PASS
1d828f42,2,1,PASS
1d828f42,2,2,PASS
1d828f42,2,3,PASS
1d828f42,2,4,PASS
1d828f42,2,5,PASS
1d828f42,2,6,PASS
1d828f42,2,7,PASS
1d828f42,2,8,PASS
1d828f42,2,9,PASS
1d828f42,2,10,PASS
1d828f42,2,11,PASS
1d828f42,2,12,PASS
1d828f42,2,13,PASS
1d828f42,2,14,FAIL
1d828f42,2,15,PASS
1d828f42,2,16,PASS
1d828f42,2,17,PASS
1d828f42,2,18,PASS
1d828f42,2,19,PASS
1d828f42,2,20,PASS
1d828f42,2,21,PASS
1d828f42,2,22,PASS
1d828f42,2,23,PASS
1d828f42,2,24,PASS
1d828f42,2,25,PASS
1d828f42,2,26,PASS
1d828f42,2,27,PASS
1d828f42,2,28,PASS
1d828f42,2,29,PASS
1d828f42,2,30,PASS
1d828f42,2,31,PASS
1d828f42,2,32,PASS
1d828f42,2,33,PASS
1d828f42,2,34,PASS
1d828f42,2,35,PASS
1d828f42,2,36,PASS
1d828f42,2,37,PASS
1d828f42,2,38,PASS
1d828f42,2,39,PASS
1d828f42,2,40,PASS
1d828f42,2,41,PASS
1d828f42,2,42,PASS
1d828f42,2,43,PASS
1d828f42,2,44,PASS
1d828f42,2,45,PASS
1d828f42,2,46,PASS
1d828f42,2,47,PASS
1d828f42,2,48,PASS
1d828f42,2,49,PASS
1d828f42,2,50,PASS
1d828f42,2,51,PASS
1d828f42,2,52,PASS
1d828f42,2,53,FAIL
1d828f42,2,54,PASS
1d828f42,2,55,PASS
1d828f42,2,56,PASS
1d828f42,2,57,PASS
1d828f42,2,58,PASS
1d828f42,2,59,PASS
1d828f42,2,60,PASS
1d828f42,2,61,PASS
1d828f42,2,62,PASS
1d828f42,2,63,PASS
1d828f42,2,64,PASS
1d828f42,2,65,PASS
1d828f42,2,66,PASS
1d828f42,2,67,PASS
1d828f42,2,68,PASS
1d828f42,2,69,PASS
1d828f42,2,70,PASS
1d828f42,2,71,PASS
1d828f42,2,72,PASS
1d828f42,2,73,PASS
1d828f42,2,74,PASS
1d828f42,2,75,PASS
1d828f42,2,76,PASS
1d828f42,2,77,PASS
1d828f42,2,78,PASS
1d828f42,2,79,PASS
1d828f42,2,80,PASS
1d828f42,2,81,PASS
1d828f42,2,82,PASS
1d828f42,2,83,PASS
1d828f42,2,84,PASS
1d828f42,2,85,PASS
1d828f42,2,86,PASS
1d828f42,2,87,PASS
1d828f42,2,88,PASS
1d828f42,2,89,PASS
1d828f42,2,90,PASS
1d828f42,2,91,PASS
1d828f42,2,92,PASS
1d828f42,2,93,PASS
1d828f42,2,94,PASS
1d828f42,2,95,PASS
1d828f42,2,96,PASS
1d828f42,2,97,PASS
1d828f42,2,98,PASS
1d828f42,2,99,PASS
1d828f42,2,100,PASS
1d828f42,3,1,PASS
1d828f42,3,2,PASS
1d828f42,3,3,PASS
1d828f42,3,4,PASS
1d828f42,3,5,PASS
1d828f42,3,6,PASS
1d828f42,3,7,PASS
1d828f42,3,8,PASS
1d828f42,3,9,PASS
1d828f42,3,10,PASS
1d828f42,3,11,PASS
1d828f42,3,12,PASS
1d828f42,3,13,PASS
1d828f42,3,14,PASS
1d828f42,3,15,PASS
1d828f42,3,16,PASS
1d828f42,3,17,PASS
1d828f42,3,18,PASS
1d828f42,3,19,PASS
1d828f42,3,20,PASS
1d828f42,3,21,PASS
1d828f42,3,22,PASS
1d828f42,3,23,PASS
1d828f42,3,24,PASS
1d828f42,3,25,PASS
1d828f42,3,26,PASS
1d828f42,3,27,PASS
1d828f42,3,28,PASS
1d828f42,3,29,PASS
1d828f42,3,30,PASS
1d828f42,3,31,PASS
1d828f42,3,32,PASS
1d828f42,3,33,PASS
1d828f42,3,34,PASS
1d828f42,3,35,PASS
1d828f42,3,36,PASS
1d828f42,3,37,FAIL
1d828f42,3,38,PASS
1d828f42,3,39,PASS
1d828f42,3,40,PASS
1d828f42,3,41,PASS
1d828f42,3,42,PASS
1d828f42,3,43,PASS
1d828f42,3,44,PASS
1d828f42,3,45,PASS
1d828f42,3,46,PASS
1d828f42,3,47,PASS
1d828f42,3,48,PASS
1d828f42,3,49,PASS
1d828f42,3,50,PASS
1d828f42,3,51,PASS
1d828f42,3,52,PASS
1d828f42,3,53,PASS
1d828f42,3,54,PASS
1d828f42,3,55,PASS
1d828f42,3,56,PASS
1d828f42,3,57,PASS
1d828f42,3,58,PASS
1d828f42,3,59,PASS
1d828f42,3,60,PASS
1d828f42,3,61,PASS
1d828f42,3,62,PASS
1d828f42,3,63,PASS
1d828f42,3,64,PASS
1d828f42,3,65,PASS
1d828f42,3,66,PASS
1d828f42,3,67,PASS
1d828f42,3,68,PASS
1d828f42,3,69,PASS
1d828f42,3,70,PASS
1d828f42,3,71,PASS
1d828f42,3,72,PASS
1d828f42,3,73,PASS
1d828f42,3,74,PASS
1d828f42,3,75,PASS
1d828f42,3,76,PASS
1d828f42,3,77,PASS
1d828f42,3,78,PASS
1d828f42,3,79,PASS
1d828f42,3,80,PASS
1d828f42,3,81,PASS
1d828f42,3,82,FAIL
1d828f42,3,83,PASS
1d828f42,3,84,PASS
1d828f42,3,85,PASS
1d828f42,3,86,PASS
1d828f42,3,87,PASS
1d828f42,3,88,PASS
1d828f42,3,89,PASS
1d828f42,3,90,PASS
1d828f42,3,91,PASS
1d828f42,3,92,PASS
1d828f42,3,93,PASS
1d828f42,3,94,PASS
1d828f42,3,95,PASS
1d828f42,3,96,PASS
1d828f42,3,97,PASS
1d828f42,3,98,PASS
1d828f42,3,99,PASS
1d828f42,3,100,PASS
1d828f42,4,1,PASS
1d828f42,4,2,PASS
1d828f42,4,3,PASS
1d828f42,4,4,PASS
1d828f42,4,5,PASS
1d828f42,4,6,PASS
1d828f42,4,7,PASS
1d828f42,4,8,PASS
1d828f42,4,9,PASS
1d828f42,4,10,PASS
1d828f42,4,11,FAIL
1d828f42,4,12,PASS
1d828f42,4,13,PASS
1d828f42,4,14,PASS
1d828f42,4,15,PASS
1d828f42,4,16,PASS
1d828f42,4,17,PASS
1d828f42,4,18,PASS
1d828f42,4,19,PASS
1d828f42,4,20,PASS
1d828f42,4,21,PASS
1d828f42,4,22,PASS
1d828f42,4,23,PASS
1d828f42,4,24,PASS
1d828f42,4,25,PASS
1d828f42,4,26,PASS
1d828f42,4,27,PASS
1d828f42,4,28,PASS
1d828f42,4,29,PASS
1d828f42,4,30,PASS
1d828f42,4,31,PASS
1d828f42,4,32,PASS
1d828f42,4,33,PASS
1d828f42,4,34,PASS
1d828f42,4,35,PASS
1d828f42,4,36,PASS
1d828f42,4,37,PASS
1d828f42,4,38,PASS
1d828f42,4,39,PASS
1d828f42,4,40,PASS
1d828f42,4,41,PASS
1d828f42,4,42,PASS
1d828f42,4,43,PASS
1d828f42,4,44,PASS
1d828f42,4,45,PASS
1d828f42,4,46,PASS
1d828f42,4,47,PASS
1d828f42,4,48,PASS
1d828f42,4,49,PASS
1d828f42,4,50,PASS
1d828f42,4,51,PASS
1d828f42,4,52,PASS
1d828f42,4,53,PASS
1d828f42,4,54,PASS
1d828f42,4,55,PASS
1d828f42,4,56,PASS
1d828f42,4,57,PASS
1d828f42,4,58,PASS
1d828f42,4,59,PASS
1d828f42,4,60,PASS
1d828f42,4,61,PASS
1d828f42,4,62,PASS
1d828f42,4,63,PASS
1d828f42,4,64,PASS
1d828f42,4,65,PASS
1d828f42,4,66,PASS
1d828f42,4,67,PASS
1d828f42,4,68,PASS
1d828f42,4,69,PASS
1d828f42,4,70,PASS
1d828f42,4,71,PASS
1d828f42,4,72,PASS
1d828f42,4,73,PASS
1d828f42,4,74,PASS
1d828f42,4,75,PASS
1d828f42,4,76,PASS
1d828f42,4,77,PASS
1d828f42,4,78,PASS
1d828f42,4,79,PASS
1d828f42,4,80,PASS
1d828f42,4,81,PASS
1d828f42,4,82,PASS
1d828f42,4,83,PASS
1d828f42,4,84,PASS
1d828f42,4,85,PASS
1d828f42,4,86,PASS
1d828f42,4,87,PASS
1d828f42,4,88,PASS
1d828f42,4,89,PASS
1d828f42,4,90,PASS
1d828f42,4,91,PASS
1d828f42,4,92,PASS
1d828f42,4,93,PASS
1d828f42,4,94,PASS
1d828f42,4,95,PASS
1d828f42,4,96,PASS
1d828f42,4,97,PASS
1d828f42,4,98,PASS
1d828f42,4,99,PASS
1d828f42,4,100,PASS
1d828f42,5,1,PASS
1d828f42,5,2,PASS
1d828f42,5,3,PASS
1d828f42,5,4,PASS
1d828f42,5,5,PASS
1d828f42,5,6,PASS
1d828f42,5,7,FAIL
1d828f42,5,8,PASS
1d828f42,5,9,PASS
1d828f42,5,10,PASS
1d828f42,5,11,PASS
1d828f42,5,12,PASS
1d828f42,5,13,PASS
1d828f42,5,14,PASS
1d828f42,5,15,PASS
1d828f42,5,16,PASS
1d828f42,5,17,PASS
1d828f42,5,18,PASS
1d828f42,5,19,PASS
1d828f42,5,20,FAIL
1d828f42,5,21,PASS
1d828f42,5,22,PASS
1d828f42,5,23,PASS
1d828f42,5,24,PASS
1d828f42,5,25,PASS
1d828f42,5,26,PASS
1d828f42,5,27,PASS
1d828f42,5,28,PASS
1d828f42,5,29,PASS
1d828f42,5,30,FAIL
1d828f42,5,31,PASS
1d828f42,5,32,PASS
1d828f42,5,33,PASS
1d828f42,5,34,PASS
1d828f42,5,35,PASS
1d828f42,5,36,PASS
1d828f42,5,37,PASS
1d828f42,5,38,PASS
1d828f42,5,39,PASS
1d828f42,5,40,PASS
1d828f42,5,41,PASS
1d828f42,5,42,PASS
1d828f42,5,43,PASS
1d828f42,5,44,PASS
1d828f42,5,45,PASS
1d828f42,5,46,PASS
1d828f42,5,47,PASS
1d828f42,5,48,PASS
1d828f42,5,49,PASS
1d828f42,5,50,PASS
1d828f42,5,51,PASS
1d828f42,5,52,PASS
1d828f42,5,53,PASS
1d828f42,5,54,PASS
1d828f42,5,55,PASS
1d828f42,5,56,PASS
1d828f42,5,57,PASS
1d828f42,5,58,PASS
1d828f42,5,59,PASS
1d828f42,5,60,PASS
1d828f42,5,61,PASS
1d828f42,5,62,FAIL
1d828f42,5,63,PASS
1d828f42,5,64,PASS
1d828f42,5,65,PASS
1d828f42,5,66,FAIL
1d828f42,5,67,PASS
1d828f42,5,68,PASS
1d828f42,5,69,PASS
1d828f42,5,70,PASS
1d828f42,5,71,PASS
1d828f42,5,72,PASS
1d828f42,5,73,PASS
1d828f42,5,74,FAIL
1d828f42,5,75,PASS
1d828f42,5,76,PASS
1d828f42,5,77,PASS
1d828f42,5,78,PASS
1d828f42,5,79,PASS
1d828f42,5,80,PASS
1d828f42,5,81,PASS
1d828f42,5,82,PASS
1d828f42,5,83,PASS
1d828f42,5,84,PASS
1d828f42,5,85,PASS
1d828f42,5,86,PASS
1d828f42,5,87,PASS
1d828f42,5,88,PASS
1d828f42,5,89,PASS
1d828f42,5,90,PASS
1d828f42,5,91,PASS
1d828f42,5,92,PASS
1d828f42,5,93,PASS
1d828f42,5,94,PASS
1d828f42,5,95,PASS
1d828f42,5,96,PASS
1d828f42,5,97,PASS
1d828f42,5,98,PASS
1d828f42,5,99,PASS
1d828f42,5,100,PASS
1d828f42,6,1,PASS
1d828f42,6,2,PASS
1d828f42,6,3,PASS
1d828f42,6,4,PASS
1d828f42,6,5,PASS
1d828f42,6,6,PASS
1d828f42,6,7,PASS
1d828f42,6,8,PASS
1d828f42,6,9,PASS
1d828f42,6,10,PASS
1d828f42,6,11,PASS
1d828f42,6,12,PASS
1d828f42,6,13,PASS
1d828f42,6,14,PASS
1d828f42,6,15,PASS
1d828f42,6,16,PASS
1d828f42,6,17,PASS
1d828f42,6,18,PASS
1d828f42,6,19,PASS
1d828f42,6,20,PASS
1d828f42,6,21,PASS
1d828f42,6,22,PASS
1d828f42,6,23,PASS
1d828f42,6,24,PASS
1d828f42,6,25,PASS
1d828f42,6,26,PASS
1d828f42,6,27,PASS
1d828f42,6,28,PASS
1d828f42,6,29,PASS
1d828f42,6,30,PASS
1d828f42,6,31,PASS
1d828f42,6,32,PASS
1d828f42,6,33,PASS
1d828f42,6,34,PASS
1d828f42,6,35,PASS
1d828f42,6,36,FAIL
1d828f42,6,37,PASS
1d828f42,6,38,PASS
1d828f42,6,39,PASS
1d828f42,6,40,PASS
1d828f42,6,41,PASS
1d828f42,6,42,FAIL
1d828f42,6,43,PASS
1d828f42,6,44,PASS
1d828f42,6,45,PASS
1d828f42,6,46,PASS
1d828f42,6,47,PASS
1d828f42,6,48,PASS
1d828f42,6,49,PASS
1d828f42,6,50,PASS
1d828f42,6,51,PASS
1d828f42,6,52,PASS
1d828f42,6,53,PASS
1d828f42,6,54,PASS
1d828f42,6,55,PASS
1d828f42,6,56,PASS
1d828f42,6,57,PASS
1d828f42,6,58,PASS
1d828f42,6,59,PASS
1d828f42,6,60,PASS
1d828f42,6,61,PASS
1d828f42,6,62,PASS
1d828f42,6,63,PASS
1d828f42,6,64,PASS
1d828f42,6,65,PASS
1d828f42,6,66,FAIL
1d828f42,6,67,PASS
1d828f42,6,68,PASS
1d828f42,6,69,PASS
1d828f42,6,70,PASS
1d828f42,6,71,PASS
1d828f42,6,72,PASS
1d828f42,6,73,PASS
1d828f42,6,74,PASS
1d828f42,6,75,PASS
1d828f42,6,76,PASS
1d828f42,6,77,PASS
1d828f42,6,78,PASS
1d828f42,6,79,PASS
1d828f42,6,80,PASS
1d828f42,6,81,PASS
1d828f42,6,82,PASS
1d828f42,6,83,PASS
1d828f42,6,84,PASS
1d828f42,6,85,PASS
1d828f42,6,86,PASS
1d828f42,6,87,PASS
1d828f42,6,88,PASS
1d828f42,6,89,PASS
1d828f42,6,90,PASS
1d828f42,6,91,PASS
1d828f42,6,92,PASS
1d828f42,6,93,FAIL
1d828f42,6,94,PASS
1d828f42,6,95,PASS
1d828f42,6,96,PASS
1d828f42,6,97,PASS
1d828f42,6,98,PASS
1d828f42,6,99,PASS
1d828f42,6,100,PASS
1d828f42,7,1,PASS
1d828f42,7,2,PASS
1d828f42,7,3,PASS
1d828f42,7,4,PASS
1d828f42,7,5,PASS
1d828f42,7,6,PASS
1d828f42,7,7,PASS
1d828f42,7,8,PASS
1d828f42,7,9,PASS
1d828f42,7,10,PASS
1d828f42,7,11,PASS
1d828f42,7,12,PASS
1d828f42,7,13,PASS
1d828f42,7,14,FAIL
1d828f42,7,15,PASS
1d828f42,7,16,PASS
1d828f42,7,17,PASS
1d828f42,7,18,PASS
1d828f42,7,19,PASS
1d828f42,7,20,PASS
1d828f42,7,21,PASS
1d828f42,7,22,PASS
1d828f42,7,23,PASS
1d828f42,7,24,PASS
1d828f42,7,25,PASS
1d828f42,7,26,PASS
1d828f42,7,27,PASS
1d828f42,7,28,PASS
1d828f42,7,29,PASS
1d828f42,7,30,PASS
1d828f42,7,31,PASS
1d828f42,7,32,PASS
1d828f42,7,33,PASS
1d828f42,7,34,PASS
1d828f42,7,35,PASS
1d828f42,7,36,PASS
1d828f42,7,37,FAIL
1d828f42,7,38,FAIL
1d828f42,7,39,PASS
1d828f42,7,40,PASS
1d828f42,7,41,PASS
1d828f42,7,42,PASS
1d828f42,7,43,PASS
1d828f42,7,44,PASS
1d828f42,7,45,PASS
1d828f42,7,46,PASS
1d828f42,7,47,PASS
1d828f42,7,48,PASS
1d828f42,7,49,PASS
1d828f42,7,50,PASS
1d828f42,7,51,PASS
1d828f42,7,52,PASS
1d828f42,7,53,PASS
1d828f42,7,54,PASS
1d828f42,7,55,PASS
1d828f42,7,56,PASS
1d828f42,7,57,PASS
1d828f42,7,58,PASS
1d828f42,7,59,PASS
1d828f42,7,60,PASS
1d828f42,7,61,FAIL
1d828f42,7,62,PASS
1d828f42,7,63,PASS
1d828f42,7,64,PASS
1d828f42,7,65,PASS
1d828f42,7,66,PASS
1d828f42,7,67,PASS
1d828f42,7,68,PASS
1d828f42,7,69,PASS
1d828f42,7,70,PASS
1d828f42,7,71,PASS
1d828f42,7,72,PASS
1d828f42,7,73,PASS
1d828f42,7,74,PASS
1d828f42,7,75,PASS
1d828f42,7,76,PASS
1d828f42,7,77,PASS
1d828f42,7,78,PASS
1d828f42,7,79,PASS
1d828f42,7,80,PASS
1d828f42,7,81,PASS
1d828f42,7,82,PASS
1d828f42,7,83,PASS
1d828f42,7,84,PASS
1d828f42,7,85,PASS
1d828f42,7,86,PASS
1d828f42,7,87,PASS
1d828f42,7,88,PASS
1d828f42,7,89,PASS
1d828f42,7,90,FAIL
1d828f42,7,91,PASS
1d828f42,7,92,PASS
1d828f42,7,93,PASS
1d828f42,7,94,PASS
1d828f42,7,95,PASS
1d828f42,7,96,PASS
1d828f42,7,97,PASS
1d828f42,7,98,PASS
1d828f42,7,99,PASS
1d828f42,7,100,PASS
1d828f42,8,1,PASS
1d828f42,8,2,FAIL
1d828f42,8,3,PASS
1d828f42,8,4,PASS
1d828f42,8,5,PASS
1d828f42,8,6,PASS
1d828f42,8,7,PASS
1d828f42,8,8,PASS
1d828f42,8,9,PASS
1d828f42,8,10,PASS
1d828f42,8,11,PASS
1d828f42,8,12,PASS
1d828f42,8,13,PASS
1d828f42,8,14,PASS
1d828f42,8,15,PASS
1d828f42,8,16,PASS
1d828f42,8,17,PASS
1d828f42,8,18,PASS
1d828f42,8,19,PASS
1d828f42,8,20,PASS
1d828f42,8,21,PASS
1d828f42,8,22,PASS
1d828f42,8,23,PASS
1d828f42,8,24,PASS
1d828f42,8,25,FAIL
1d828f42,8,26,PASS
1d828f42,8,27,PASS
1d828f42,8,28,PASS
1d828f42,8,29,PASS
1d828f42,8,30,PASS
1d828f42,8,31,PASS
1d828f42,8,32,PASS
1d828f42,8,33,PASS
1d828f42,8,34,PASS
1d828f42,8,35,PASS
1d828f42,8,36,PASS
1d828f42,8,37,FAIL
1d828f42,8,38,PASS
1d828f42,8,39,PASS
1d828f42,8,40,PASS
1d828f42,8,41,PASS
1d828f42,8,42,PASS
1d828f42,8,43,PASS
1d828f42,8,44,PASS
1d828f42,8,45,FAIL
1d828f42,8,46,PASS
1d828f42,8,47,PASS
1d828f42,8,48,PASS
1d828f42,8,49,PASS
1d828f42,8,50,PASS
1d828f42,8,51,PASS
1d828f42,8,52,PASS
1d828f42,8,53,PASS
1d828f42,8,54,PASS
1d828f42,8,55,PASS
1d828f42,8,56,PASS
1d828f42,8,57,PASS
1d828f42,8,58,PASS
1d828f42,8,59,PASS
1d828f42,8,60,PASS
1d828f42,8,61,PASS
1d828f42,8,62,PASS
1d828f42,8,63,PASS
1d828f42,8,64,PASS
1d828f42,8,65,FAIL
1d828f42,8,66,PASS
1d828f42,8,67,PASS
1d828f42,8,68,PASS
1d828f42,8,69,FAIL
1d828f42,8,70,PASS
1d828f42,8,71,FAIL
1d828f42,8,72,PASS
1d828f42,8,73,PASS
1d828f42,8,74,PASS
1d828f42,8,75,PASS
1d828f42,8,76,PASS
1d828f42,8,77,PASS
1d828f42,8,78,PASS
1d828f42,8,79,PASS
1d828f42,8,80,PASS
1d828f42,8,81,PASS
1d828f42,8,82,PASS
1d828f42,8,83,PASS
1d828f42,8,84,PASS
1d828f42,8,85,PASS
1d828f42,8,86,PASS
1d828f42,8,87,PASS
1d828f42,8,88,PASS
1d828f42,8,89,PASS
1d828f42,8,90,PASS
1d828f42,8,91,PASS
1d828f42,8,92,PASS
1d828f42,8,93,PASS
1d828f42,8,94,PASS
1d828f42,8,95,PASS
1d828f42,8,96,PASS
1d828f42,8,97,PASS
1d828f42,8,98,PASS
1d828f42,8,99,PASS
1d828f42,8,100,PASS
1d828f42,9,1,PASS
1d828f42,9,2,PASS
1d828f42,9,3,PASS
1d828f42,9,4,PASS
1d828f42,9,5,PASS
1d828f42,9,6,PASS
1d828f42,9,7,PASS
1d828f42,9,8,PASS
1d828f42,9,9,PASS
1d828f42,9,10,PASS
1d828f42,9,11,PASS
1d828f42,9,12,PASS
1d828f42,9,13,PASS
1d828f42,9,14,PASS
1d828f42,9,15,PASS
1d828f42,9,16,PASS
1d828f42,9,17,PASS
1d828f42,9,18,PASS
1d828f42,9,19,PASS
1d828f42,9,20,PASS
1d828f42,9,21,PASS
1d828f42,9,22,PASS
1d828f42,9,23,PASS
1d828f42,9,24,PASS
1d828f42,9,25,PASS
1d828f42,9,26,PASS
1d828f42,9,27,PASS
1d828f42,9,28,PASS
1d828f42,9,29,PASS
1d828f42,9,30,PASS
1d828f42,9,31,PASS
1d828f42,9,32,PASS
1d828f42,9,33,PASS
1d828f42,9,34,PASS
1d828f42,9,35,PASS
1d828f42,9,36,PASS
1d828f42,9,37,PASS
1d828f42,9,38,PASS
1d828f42,9,39,PASS
1d828f42,9,40,PASS
1d828f42,9,41,PASS
1d828f42,9,42,FAIL
1d828f42,9,43,PASS
1d828f42,9,44,PASS
1d828f42,9,45,PASS
1d828f42,9,46,PASS
1d828f42,9,47,PASS
1d828f42,9,48,PASS
1d828f42,9,49,PASS
1d828f42,9,50,PASS
1d828f42,9,51,PASS
1d828f42,9,52,PASS
1d828f42,9,53,PASS
1d828f42,9,54,PASS
1d828f42,9,55,PASS
1d828f42,9,56,PASS
1d828f42,9,57,PASS
1d828f42,9,58,PASS
1d828f42,9,59,PASS
1d828f42,9,60,PASS
1d828f42,9,61,PASS
1d828f42,9,62,PASS
1d828f42,9,63,PASS
1d828f42,9,64,PASS
1d828f42,9,65,PASS
1d828f42,9,66,PASS
1d828f42,9,67,PASS
1d828f42,9,68,PASS
1d828f42,9,69,PASS
1d828f42,9,70,PASS
1d828f42,9,71,PASS
1d828f42,9,72,PASS
1d828f42,9,73,PASS
1d828f42,9,74,PASS
1d828f42,9,75,PASS
1d828f42,9,76,PASS
1d828f42,9,77,PASS
1d828f42,9,78,PASS
1d828f42,9,79,PASS
1d828f42,9,80,PASS
1d828f42,9,81,PASS
1d828f42,9,82,PASS
1d828f42,9,83,PASS
1d828f42,9,84,PASS
1d828f42,9,85,PASS
1d828f42,9,86,FAIL
1d828f42,9,87,PASS
1d828f42,9,88,PASS
1d828f42,9,89,PASS
1d828f42,9,90,PASS
1d828f42,9,91,PASS
1d828f42,9,92,PASS
1d828f42,9,93,PASS
1d828f42,9,94,PASS
1d828f42,9,95,PASS
1d828f42,9,96,PASS
1d828f42,9,97,PASS
1d828f42,9,98,PASS
1d828f42,9,99,PASS
1d828f42,9,100,PASS
1d828f42,10,1,PASS
1d828f42,10,2,PASS
1d828f42,10,3,PASS
1d828f42,10,4,PASS
1d828f42,10,5,PASS
1d828f42,10,6,PASS
1d828f42,10,7,PASS
1d828f42,10,8,PASS
1d828f42,10,9,PASS
1d828f42,10,10,PASS
1d828f42,10,11,PASS
1d828f42,10,12,PASS
1d828f42,10,13,PASS
1d828f42,10,14,PASS
1d828f42,10,15,PASS
1d828f42,10,16,PASS
1d828f42,10,17,PASS
1d828f42,10,18,PASS
1d828f42,10,19,PASS
1d828f42,10,20,FAIL
1d828f42,10,21,PASS
1d828f42,10,22,PASS
1d828f42,10,23,FAIL
1d828f42,10,24,PASS
1d828f42,10,25,PASS
1d828f42,10,26,PASS
1d828f42,10,27,FAIL
1d828f42,10,28,PASS
1d828f42,10,29,PASS
1d828f42,10,30,PASS
1d828f42,10,31,PASS
1d828f42,10,32,PASS
1d828f42,10,33,PASS
1d828f42,10,34,PASS
1d828f42,10,35,PASS
1d828f42,10,36,PASS
1d828f42,10,37,PASS
1d828f42,10,38,PASS
1d828f42,10,39,PASS
1d828f42,10,40,PASS
1d828f42,10,41,PASS
1d828f42,10,42,PASS
1d828f42,10,43,PASS
1d828f42,10,44,PASS
1d828f42,10,45,PASS
1d828f42,10,46,PASS
1d828f42,10,47,PASS
1d828f42,10,48,PASS
1d828f42,10,49,PASS
1d828f42,10,50,PASS
1d828f42,10,51,PASS
1d828f42,10,52,PASS
1d828f42,10,53,PASS
1d828f42,10,54,PASS
1d828f42,10,55,PASS
1d828f42,10,56,PASS
1d828f42,10,57,PASS
1d828f42,10,58,PASS
1d828f42,10,59,PASS
1d828f42,10,60,PASS
1d828f42,10,61,PASS
1d828f42,10,62,PASS
1d828f42,10,63,PASS
1d828f42,10,64,FAIL
1d828f42,10,65,PASS
1d828f42,10,66,PASS
1d828f42,10,67,PASS
1d828f42,10,68,PASS
1d828f42,10,69,PASS
1d828f42,10,70,PASS
1d828f42,10,71,PASS
1d828f42,10,72,PASS
1d828f42,10,73,PASS
1d828f42,10,74,PASS
1d828f42,10,75,PASS
1d828f42,10,76,PASS
1d828f42,10,77,PASS
1d828f42,10,78,PASS
1d828f42,10,79,FAIL
1d828f42,10,80,PASS
1d828f42,10,81,FAIL
1d828f42,10,82,PASS
1d828f42,10,83,PASS
1d828f42,10,84,PASS
1d828f42,10,85,PASS
1d828f42,10,86,PASS
1d828f42,10,87,PASS
1d828f42,10,88,PASS
1d828f42,10,89,PASS
1d828f42,10,90,PASS
1d828f42,10,91,PASS
1d828f42,10,92,PASS
1d828f42,10,93,PASS
1d828f42,10,94,PASS
1d828f42,10,95,PASS
1d828f42,10,96,PASS
1d828f42,10,97,PASS
1d828f42,10,98,PASS
1d828f42,10,99,PASS
1d828f42,10,100,PASS
1d828f42,11,1,PASS
1d828f42,11,2,PASS
1d828f42,11,3,PASS
1d828f42,11,4,PASS
1d828f42,11,5,PASS
1d828f42,11,6,PASS
1d828f42,11,7,PASS
1d828f42,11,8,PASS
1d828f42,11,9,PASS
1d828f42,11,10,PASS
1d828f42,11,11,PASS
1d828f42,11,12,PASS
1d828f42,11,13,PASS
1d828f42,11,14,PASS
1d828f42,11,15,PASS
1d828f42,11,16,PASS
1d828f42,11,17,PASS
1d828f42,11,18,PASS
1d828f42,11,19,PASS
1d828f42,11,20,PASS
1d828f42,11,21,FAIL
1d828f42,11,22,PASS
1d828f42,11,23,PASS
1d828f42,11,24,PASS
1d828f42,11,25,PASS
1d828f42,11,26,PASS
1d828f42,11,27,PASS
1d828f42,11,28,PASS
1d828f42,11,29,PASS
1d828f42,11,30,PASS
1d828f42,11,31,PASS
1d828f42,11,32,PASS
1d828f42,11,33,PASS
1d828f42,11,34,PASS
1d828f42,11,35,PASS
1d828f42,11,36,PASS
1d828f42,11,37,PASS
1d828f42,11,38,FAIL
1d828f42,11,39,PASS
1d828f42,11,40,PASS
1d828f42,11,41,PASS
1d828f42,11,42,PASS
1d828f42,11,43,PASS
1d828f42,11,44,PASS
1d828f42,11,45,PASS
1d828f42,11,46,PASS
1d828f42,11,47,PASS
1d828f42,11,48,PASS
1d828f42,11,49,PASS
1d828f42,11,50,PASS
1d828f42,11,51,PASS
1d828f42,11,52,PASS
1d828f42,11,53,PASS
1d828f42,11,54,PASS
1d828f42,11,55,PASS
1d828f42,11,56,PASS
1d828f42,11,57,PASS
1d828f42,11,58,PASS
1d828f42,11,59,PASS
1d828f42,11,60,PASS
1d828f42,11,61,PASS
1d828f42,11,62,PASS
1d828f42,11,63,PASS
1d828f42,11,64,PASS
1d828f42,11,65,PASS
1d828f42,11,66,PASS
1d828f42,11,67,PASS
1d828f42,11,68,FAIL
1d828f42,11,69,PASS
1d828f42,11,70,PASS
1d828f42,11,71,PASS
1d828f42,11,72,PASS
1d828f42,11,73,PASS
1d828f42,11,74,FAIL
1d828f42,11,75,PASS
1d828f42,11,76,PASS
1d828f42,11,77,PASS
1d828f42,11,78,PASS
1d828f42,11,79,PASS
1d828f42,11,80,PASS
1d828f42,11,81,PASS
1d828f42,11,82,PASS
1d828f42,11,83,PASS
1d828f42,11,84,PASS
1d828f42,11,85,PASS
1d828f42,11,86,PASS
1d828f42,11,87,PASS
1d828f42,11,88,PASS
1d828f42,11,89,PASS
1d828f42,11,90,PASS
1d828f42,11,91,PASS
1d828f42,11,92,PASS
1d828f42,11,93,PASS
1d828f42,11,94,PASS
1d828f42,11,95,PASS
1d828f42,11,96,PASS
1d828f42,11,97,PASS
1d828f42,11,98,PASS
1d828f42,11,99,PASS
1d828f42,11,100,PASS
1d828f42,12,1,PASS
1d828f42,12,2,PASS
1d828f42,12,3,PASS
1d828f42,12,4,PASS
1d828f42,12,5,PASS
1d828f42,12,6,PASS
1d828f42,12,7,PASS
1d828f42,12,8,PASS
1d828f42,12,9,PASS
1d828f42,12,10,PASS
1d828f42,12,11,PASS
1d828f42,12,12,PASS
1d828f42,12,13,PASS
1d828f42,12,14,PASS
1d828f42,12,15,PASS
1d828f42,12,16,PASS
1d828f42,12,17,PASS
1d828f42,12,18,PASS
1d828f42,12,19,PASS
1d828f42,12,20,PASS
1d828f42,12,21,PASS
1d828f42,12,22,PASS
1d828f42,12,23,PASS
1d828f42,12,24,PASS
1d828f42,12,25,PASS
1d828f42,12,26,PASS
1d828f42,12,27,PASS
1d828f42,12,28,PASS
1d828f42,12,29,PASS
1d828f42,12,30,PASS
1d828f42,12,31,PASS
1d828f42,12,32,PASS
1d828f42,12,33,PASS
1d828f42,12,34,PASS
1d828f42,12,35,PASS
1d828f42,12,36,PASS
1d828f42,12,37,PASS
1d828f42,12,38,PASS
1d828f42,12,39,PASS
1d828f42,12,40,PASS
1d828f42,12,41,PASS
1d828f42,12,42,PASS
1d828f42,12,43,PASS
1d828f42,12,44,PASS
1d828f42,12,45,PASS
1d828f42,12,46,PASS
1d828f42,12,47,PASS
1d828f42,12,48,PASS
1d828f42,12,49,PASS
1d828f42,12,50,PASS
1d828f42,12,51,PASS
1d828f42,12,52,PASS
1d828f42,12,53,PASS
1d828f42,12,54,PASS
1d828f42,12,55,PASS
1d828f42,12,56,PASS
1d828f42,12,57,PASS
1d828f42,12,58,PASS
1d828f42,12,59,PASS
1d828f42,12,60,PASS
1d828f42,12,61,PASS
1d828f42,12,62,PASS
1d828f42,12,63,PASS
1d828f42,12,64,PASS
1d828f42,12,65,PASS
1d828f42,12,66,PASS
1d828f42,12,67,PASS
1d828f42,12,68,PASS
1d828f42,12,69,PASS
1d828f42,12,70,PASS
1d828f42,12,71,PASS
1d828f42,12,72,PASS
1d828f42,12,73,PASS
1d828f42,12,74,PASS
1d828f42,12,75,FAIL
1d828f42,12,76,PASS
1d828f42,12,77,PASS
1d828f42,12,78,PASS
1d828f42,12,79,PASS
1d828f42,12,80,PASS
1d828f42,12,81,PASS
1d828f42,12,82,PASS
1d828f42,12,83,PASS
1d828f42,12,84,PASS
1d828f42,12,85,PASS
1d828f42,12,86,PASS
1d828f42,12,87,PASS
1d828f42,12,88,PASS
1d828f42,12,89,PASS
1d828f42,12,90,PASS
1d828f42,12,91,PASS
1d828f42,12,92,PASS
1d828f42,12,93,PASS
1d828f42,12,94,FAIL
1d828f42,12,95,PASS
1d828f42,12,96,PASS
1d828f42,12,97,PASS
1d828f42,12,98,PASS
1d828f42,12,99,PASS
1d828f42,12,100,PASS
1d828f42,13,1,PASS
1d828f42,13,2,PASS
1d828f42,13,3,PASS
1d828f42,13,4,PASS
1d828f42,13,5,PASS
1d828f42,13,6,PASS
1d828f42,13,7,PASS
1d828f42,13,8,PASS
1d828f42,13,9,PASS
1d828f42,13,10,PASS
1d828f42,13,11,PASS
1d828f42,13,12,PASS
1d828f42,13,13,PASS
1d828f42,13,14,PASS
1d828f42,13,15,PASS
1d828f42,13,16,PASS
1d828f42,13,17,PASS
1d828f42,13,18,PASS
1d828f42,13,19,PASS
1d828f42,13,20,PASS
1d828f42,13,21,PASS
1d828f42,13,22,PASS
1d828f42,13,23,PASS
1d828f42,13,24,PASS
1d828f42,13,25,PASS
1d828f42,13,26,PASS
1d828f42,13,27,PASS
1d828f42,13,28,PASS
1d828f42,13,29,PASS
1d828f42,13,30,PASS
1d828f42,13,31,PASS
1d828f42,13,32,PASS
1d828f42,13,33,PASS
1d828f42,13,34,PASS
1d828f42,13,35,PASS
1d828f42,13,36,PASS
1d828f42,13,37,PASS
1d828f42,13,38,PASS
1d828f42,13,39,PASS
1d828f42,13,40,PASS
1d828f42,13,41,PASS
1d828f42,13,42,PASS
1d828f42,13,43,PASS
1d828f42,13,44,PASS
1d828f42,13,45,PASS
1d828f42,13,46,PASS
1d828f42,13,47,PASS
1d828f42,13,48,PASS
1d828f42,13,49,PASS
1d828f42,13,50,PASS
1d828f42,13,51,PASS
1d828f42,13,52,FAIL
1d828f42,13,53,PASS
1d828f42,13,54,PASS
1d828f42,13,55,PASS
1d828f42,13,56,PASS
1d828f42,13,57,PASS
1d828f42,13,58,PASS
1d828f42,13,59,PASS
1d828f42,13,60,PASS
1d828f42,13,61,PASS
1d828f42,13,62,PASS
1d828f42,13,63,PASS
1d828f42,13,64,PASS
1d828f42,13,65,PASS
1d828f42,13,66,PASS
1d828f42,13,67,PASS
1d828f42,13,68,PASS
1d828f42,13,69,PASS
1d828f42,13,70,PASS
1d828f42,13,71,PASS
1d828f42,13,72,FAIL
1d828f42,13,73,PASS
1d828f42,13,74,PASS
1d828f42,13,75,PASS
1d828f42,13,76,PASS
1d828f42,13,77,PASS
1d828f42,13,78,PASS
1d828f42,13,79,PASS
1d828f42,13,80,PASS
1d828f42,13,81,PASS
1d828f42,13,82,PASS
1d828f42,13,83,PASS
1d828f42,13,84,PASS
1d828f42,13,85,PASS
1d828f42,13,86,PASS
1d828f42,13,87,PASS
1d828f42,13,88,PASS
1d828f42,13,89,PASS
1d828f42,13,90,PASS
1d828f42,13,91,PASS
1d828f42,13,92,PASS
1d828f42,13,93,PASS
1d828f42,13,94,PASS
1d828f42,13,95,PASS
1d828f42,13,96,PASS
1d828f42,13,97,PASS
1d828f42,13,98,PASS
1d828f42,13,99,PASS
1d828f42,13,100,PASS
1d828f42,14,1,PASS
1d828f42,14,2,PASS
1d828f42,14,3,PASS
1d828f42,14,4,PASS
1d828f42,14,5,PASS
1d828f42,14,6,PASS
1d828f42,14,7,FAIL
1d828f42,14,8,PASS
1d828f42,14,9,PASS
1d828f42,14,10,PASS
1d828f42,14,11,PASS
1d828f42,14,12,PASS
1d828f42,14,13,PASS
1d828f42,14,14,PASS
1d828f42,14,15,PASS
1d828f42,14,16,PASS
1d828f42,14,17,PASS
1d828f42,14,18,PASS
1d828f42,14,19,PASS
1d828f42,14,20,PASS
1d828f42,14,21,PASS
1d828f42,14,22,PASS
1d828f42,14,23,PASS
1d828f42,14,24,PASS
1d828f42,14,25,PASS
1d828f42,14,26,PASS
1d828f42,14,27,PASS
1d828f42,14,28,PASS
1d828f42,14,29,PASS
1d828f42,14,30,PASS
1d828f42,14,31,PASS
1d828f42,14,32,PASS
1d828f42,14,33,PASS
1d828f42,14,34,PASS
1d828f42,14,35,PASS
1d828f42,14,36,PASS
1d828f42,14,37,PASS
1d828f42,14,38,PASS
1d828f42,14,39,PASS
1d828f42,14,40,PASS
1d828f42,14,41,PASS
1d828f42,14,42,PASS
1d828f42,14,43,PASS
1d828f42,14,44,PASS
1d828f42,14,45,PASS
1d828f42,14,46,PASS
1d828f42,14,47,PASS
1d828f42,14,48,PASS
1d828f42,14,49,PASS
1d828f42,14,50,PASS
1d828f42,14,51,PASS
1d828f42,14,52,PASS
1d828f42,14,53,PASS
1d828f42,14,54,PASS
1d828f42,14,55,PASS
1d828f42,14,56,FAIL
1d828f42,14,57,PASS
1d828f42,14,58,PASS
1d828f42,14,59,PASS
1d828f42,14,60,PASS
1d828f42,14,61,PASS
1d828f42,14,62,PASS
1d828f42,14,63,PASS
1d828f42,14,64,PASS
1d828f42,14,65,PASS
1d828f42,14,66,PASS
1d828f42,14,67,PASS
1d828f42,14,68,PASS
1d828f42,14,69,PASS
1d828f42,14,70,PASS
1d828f42,14,71,PASS
1d828f42,14,72,PASS
1d828f42,14,73,FAIL
1d828f42,14,74,PASS
1d828f42,14,75,PASS
1d828f42,14,76,PASS
1d828f42,14,77,PASS
1d828f42,14,78,PASS
1d828f42,14,79,PASS
1d828f42,14,80,PASS
1d828f42,14,81,PASS
1d828f42,14,82,PASS
1d828f42,14,83,PASS
1d828f42,14,84,PASS
1d828f42,14,85,PASS
1d828f42,14,86,PASS
1d828f42,14,87,PASS
1d828f42,14,88,PASS
1d828f42,14,89,PASS
1d828f42,14,90,PASS
1d828f42,14,91,PASS
1d828f42,14,92,PASS
1d828f42,14,93,PASS
1d828f42,14,94,PASS
1d828f42,14,95,PASS
1d828f42,14,96,PASS
1d828f42,14,97,PASS
1d828f42,14,98,PASS
1d828f42,14,99,PASS
1d828f42,14,100,PASS
1d828f42,15,1,PASS
1d828f42,15,2,PASS
1d828f42,15,3,PASS
1d828f42,15,4,PASS
1d828f42,15,5,PASS
1d828f42,15,6,PASS
1d828f42,15,7,PASS
1d828f42,15,8,PASS
1d828f42,15,9,PASS
1d828f42,15,10,PASS
1d828f42,15,11,PASS
1d828f42,15,12,PASS
1d828f42,15,13,PASS
1d828f42,15,14,PASS
1d828f42,15,15,PASS
1d828f42,15,16,PASS
1d828f42,15,17,PASS
1d828f42,15,18,PASS
1d828f42,15,19,PASS
1d828f42,15,20,PASS
1d828f42,15,21,PASS
1d828f42,15,22,PASS
1d828f42,15,23,PASS
1d828f42,15,24,PASS
1d828f42,15,25,PASS
1d828f42,15,26,PASS
1d828f42,15,27,PASS
1d828f42,15,28,PASS
1d828f42,15,29,PASS
1d828f42,15,30,PASS
1d828f42,15,31,PASS
1d828f42,15,32,PASS
1d828f42,15,33,PASS
1d828f42,15,34,PASS
1d828f42,15,35,PASS
1d828f42,15,36,PASS
1d828f42,15,37,PASS
1d828f42,15,38,PASS
1d828f42,15,39,PASS
1d828f42,15,40,PASS
1d828f42,15,41,PASS
1d828f42,15,42,PASS
1d828f42,15,43,PASS
1d828f42,15,44,PASS
1d828f42,15,45,PASS
1d828f42,15,46,PASS
1d828f42,15,47,PASS
1d828f42,15,48,PASS
1d828f42,15,49,PASS
1d828f42,15,50,PASS
1d828f42,15,51,PASS
1d828f42,15,52,PASS
1d828f42,15,53,PASS
1d828f42,15,54,PASS
1d828f42,15,55,PASS
1d828f42,15,56,PASS
1d828f42,15,57,PASS
1d828f42,15,58,PASS
1d828f42,15,59,PASS
1d828f42,15,60,PASS
1d828f42,15,61,PASS
1d828f42,15,62,PASS
1d828f42,15,63,PASS
1d828f42,15,64,PASS
1d828f42,15,65,PASS
1d828f42,15,66,PASS
1d828f42,15,67,PASS
1d828f42,15,68,PASS
1d828f42,15,69,PASS
1d828f42,15,70,PASS
1d828f42,15,71,PASS
1d828f42,15,72,PASS
1d828f42,15,73,PASS
1d828f42,15,74,PASS
1d828f42,15,75,PASS
1d828f42,15,76,PASS
1d828f42,15,77,PASS
1d828f42,15,78,PASS
1d828f42,15,79,PASS
1d828f42,15,80,PASS
1d828f42,15,81,PASS
1d828f42,15,82,PASS
1d828f42,15,83,PASS
1d828f42,15,84,PASS
1d828f42,15,85,PASS
1d828f42,15,86,PASS
1d828f42,15,87,PASS
1d828f42,15,88,PASS
1d828f42,15,89,PASS
1d828f42,15,90,PASS
1d828f42,15,91,PASS
1d828f42,15,92,PASS
1d828f42,15,93,PASS
1d828f42,15,94,PASS
1d828f42,15,95,PASS
1d828f42,15,96,PASS
1d828f42,15,97,PASS
1d828f42,15,98,PASS
1d828f42,15,99,PASS
1d828f42,15,100,PASS
1d828f42,16,1,PASS
1d828f42,16,2,PASS
1d828f42,16,3,PASS
1d828f42,16,4,PASS
1d828f42,16,5,PASS
1d828f42,16,6,PASS
1d828f42,16,7,PASS
1d828f42,16,8,PASS
1d828f42,16,9,PASS
1d828f42,16,10,PASS
1d828f42,16,11,PASS
1d828f42,16,12,PASS
1d828f42,16,13,PASS
1d828f42,16,14,PASS
1d828f42,16,15,PASS
1d828f42,16,16,PASS
1d828f42,16,17,PASS
1d828f42,16,18,PASS
1d828f42,16,19,PASS
1d828f42,16,20,PASS
1d828f42,16,21,PASS
1d828f42,16,22,PASS
1d828f42,16,23,PASS
1d828f42,16,24,PASS
1d828f42,16,25,PASS
1d828f42,16,26,PASS
1d828f42,16,27,PASS
1d828f42,16,28,PASS
1d828f42,16,29,PASS
1d828f42,16,30,PASS
1d828f42,16,31,PASS
1d828f42,16,32,PASS
1d828f42,16,33,PASS
1d828f42,16,34,PASS
1d828f42,16,35,PASS
1d828f42,16,36,PASS
1d828f42,16,37,PASS
1d828f42,16,38,PASS
1d828f42,16,39,FAIL
1d828f42,16,40,PASS
1d828f42,16,41,PASS
1d828f42,16,42,PASS
1d828f42,16,43,PASS
1d828f42,16,44,PASS
1d828f42,16,45,PASS
1d828f42,16,46,PASS
1d828f42,16,47,PASS
1d828f42,16,48,PASS
1d828f42,16,49,PASS
1d828f42,16,50,PASS
1d828f42,16,51,PASS
1d828f42,16,52,PASS
1d828f42,16,53,PASS
1d828f42,16,54,PASS
1d828f42,16,55,PASS
1d828f42,16,56,PASS
1d828f42,16,57,PASS
1d828f42,16,58,PASS
1d828f42,16,59,PASS
1d828f42,16,60,PASS
1d828f42,16,61,PASS
1d828f42,16,62,PASS
1d828f42,16,63,PASS
1d828f42,16,64,PASS
1d828f42,16,65,PASS
1d828f42,16,66,PASS
1d828f42,16,67,PASS
1d828f42,16,68,PASS
1d828f42,16,69,PASS
1d828f42,16,70,FAIL
1d828f42,16,71,PASS
1d828f42,16,72,PASS
1d828f42,16,73,PASS
1d828f42,16,74,PASS
1d828f42,16,75,PASS
1d828f42,16,76,PASS
1d828f42,16,77,PASS
1d828f42,16,78,PASS
1d828f42,16,79,PASS
1d828f42,16,80,PASS
1d828f42,16,81,PASS
1d828f42,16,82,PASS
1d828f42,16,83,PASS
1d828f42,16,84,PASS
1d828f42,16,85,PASS
1d828f42,16,86,PASS
1d828f42,16,87,PASS
1d828f42,16,88,PASS
1d828f42,16,89,PASS
1d828f42,16,90,PASS
1d828f42,16,91,PASS
1d828f42,16,92,PASS
1d828f42,16,93,PASS
1d828f42,16,94,PASS
1d828f42,16,95,PASS
1d828f42,16,96,PASS
1d828f42,16,97,PASS
1d828f42,16,98,PASS
1d828f42,16,99,PASS
1d828f42,16,100,PASS
1d828f42,17,1,PASS
1d828f42,17,2,PASS
1d828f42,17,3,PASS
1d828f42,17,4,PASS
1d828f42,17,5,PASS
1d828f42,17,6,PASS
1d828f42,17,7,PASS
1d828f42,17,8,PASS
1d828f42,17,9,PASS
1d828f42,17,10,PASS
1d828f42,17,11,PASS
1d828f42,17,12,PASS
1d828f42,17,13,PASS
1d828f42,17,14,PASS
1d828f42,17,15,PASS
1d828f42,17,16,PASS
1d828f42,17,17,PASS
1d828f42,17,18,PASS
1d828f42,17,19,PASS
1d828f42,17,20,PASS
1d828f42,17,21,PASS
1d828f42,17,22,PASS
1d828f42,17,23,PASS
1d828f42,17,24,PASS
1d828f42,17,25,PASS
1d828f42,17,26,PASS
1d828f42,17,27,PASS
1d828f42,17,28,PASS
1d828f42,17,29,PASS
1d828f42,17,30,PASS
1d828f42,17,31,PASS
1d828f42,17,32,PASS
1d828f42,17,33,PASS
1d828f42,17,34,PASS
1d828f42,17,35,PASS
1d828f42,17,36,PASS
1d828f42,17,37,PASS
1d828f42,17,38,PASS
1d828f42,17,39,PASS
1d828f42,17,40,PASS
1d828f42,17,41,PASS
1d828f42,17,42,PASS
1d828f42,17,43,PASS
1d828f42,17,44,PASS
1d828f42,17,45,PASS
1d828f42,17,46,PASS
1d828f42,17,47,PASS
1d828f42,17,48,PASS
1d828f42,17,49,PASS
1d828f42,17,50,PASS
1d828f42,17,51,PASS
1d828f42,17,52,PASS
1d828f42,17,53,PASS
1d828f42,17,54,PASS
1d828f42,17,55,PASS
1d828f42,17,56,PASS
1d828f42,17,57,PASS
1d828f42,17,58,PASS
1d828f42,17,59,PASS
1d828f42,17,60,PASS
1d828f42,17,61,PASS
1d828f42,17,62,PASS
1d828f42,17,63,PASS
1d828f42,17,64,PASS
1d828f42,17,65,PASS
1d828f42,17,66,PASS
1d828f42,17,67,PASS
1d828f42,17,68,PASS
1d828f42,17,69,PASS
1d828f42,17,70,PASS
1d828f42,17,71,PASS
1d828f42,17,72,PASS
1d828f42,17,73,PASS
1d828f42,17,74,PASS
1d828f42,17,75,PASS
1d828f42,17,76,PASS
1d828f42,17,77,PASS
1d828f42,17,78,PASS
1d828f42,17,79,PASS
1d828f42,17,80,PASS
1d828f42,17,81,PASS
1d828f42,17,82,PASS
1d828f42,17,83,PASS
1d828f42,17,84,PASS
1d828f42,17,85,PASS
1d828f42,17,86,PASS
1d828f42,17,87,PASS
1d828f42,17,88,PASS
1d828f42,17,89,PASS
1d828f42,17,90,PASS
1d828f42,17,91,PASS
1d828f42,17,92,PASS
1d828f42,17,93,PASS
1d828f42,17,94,PASS
1d828f42,17,95,PASS
1d828f42,17,96,PASS
1d828f42,17,97,PASS
1d828f42,17,98,PASS
1d828f42,17,99,PASS
1d828f42,17,100,PASS
1d828f42,18,1,PASS
1d828f42,18,2,PASS
1d828f42,18,3,PASS
1d828f42,18,4,PASS
1d828f42,18,5,PASS
1d828f42,18,6,PASS
1d828f42,18,7,PASS
1d828f42,18,8,PASS
1d828f42,18,9,PASS
1d828f42,18,10,PASS
1d828f42,18,11,PASS
1d828f42,18,12,PASS
1d828f42,18,13,PASS
1d828f42,18,14,PASS
1d828f42,18,15,PASS
1d828f42,18,16,PASS
1d828f42,18,17,PASS
1d828f42,18,18,PASS
1d828f42,18,19,PASS
1d828f42,18,20,PASS
1d828f42,18,21,PASS
1d828f42,18,22,PASS
1d828f42,18,23,PASS
1d828f42,18,24,PASS
1d828f42,18,25,PASS
1d828f42,18,26,PASS
1d828f42,18,27,PASS
1d828f42,18,28,PASS
1d828f42,18,29,PASS
1d828f42,18,30,PASS
1d828f42,18,31,PASS
1d828f42,18,32,PASS
1d828f42,18,33,PASS
1d828f42,18,34,PASS
1d828f42,18,35,PASS
1d828f42,18,36,PASS
1d828f42,18,37,PASS
1d828f42,18,38,PASS
1d828f42,18,39,PASS
1d828f42,18,40,PASS
1d828f42,18,41,PASS
1d828f42,18,42,PASS
1d828f42,18,43,PASS
1d828f42,18,44,PASS
1d828f42,18,45,PASS
1d828f42,18,46,FAIL
1d828f42,18,47,FAIL
1d828f42,18,48,PASS
1d828f42,18,49,PASS
1d828f42,18,50,PASS
1d828f42,18,51,PASS
1d828f42,18,52,PASS
1d828f42,18,53,PASS
1d828f42,18,54,PASS
1d828f42,18,55,FAIL
1d828f42,18,56,PASS
1d828f42,18,57,PASS
1d828f42,18,58,PASS
1d828f42,18,59,PASS
1d828f42,18,60,PASS
1d828f42,18,61,PASS
1d828f42,18,62,PASS
1d828f42,18,63,PASS
1d828f42,18,64,PASS
1d828f42,18,65,PASS
1d828f42,18,66,PASS
1d828f42,18,67,PASS
1d828f42,18,68,PASS
1d828f42,18,69,PASS
1d828f42,18,70,PASS
1d828f42,18,71,PASS
1d828f42,18,72,PASS
1d828f42,18,73,PASS
1d828f42,18,74,PASS
1d828f42,18,75,PASS
1d828f42,18,76,PASS
1d828f42,18,77,PASS
1d828f42,18,78,PASS
1d828f42,18,79,PASS
1d828f42,18,80,PASS
1d828f42,18,81,PASS
1d828f42,18,82,PASS
1d828f42,18,83,PASS
1d828f42,18,84,PASS
1d828f42,18,85,PASS
1d828f42,18,86,PASS
1d828f42,18,87,PASS
1d828f42,18,88,PASS
1d828f42,18,89,PASS
1d828f42,18,90,PASS
1d828f42,18,91,PASS
1d828f42,18,92,PASS
1d828f42,18,93,PASS
1d828f42,18,94,PASS
1d828f42,18,95,PASS
1d828f42,18,96,PASS
1d828f42,18,97,PASS
1d828f42,18,98,PASS
1d828f42,18,99,PASS
1d828f42,18,100,PASS
1d828f42,19,1,PASS
1d828f42,19,2,PASS
1d828f42,19,3,PASS
1d828f42,19,4,PASS
1d828f42,19,5,PASS
1d828f42,19,6,PASS
1d828f42,19,7,PASS
1d828f42,19,8,PASS
1d828f42,19,9,PASS
1d828f42,19,10,PASS
1d828f42,19,11,FAIL
1d828f42,19,12,PASS
1d828f42,19,13,PASS
1d828f42,19,14,PASS
1d828f42,19,15,PASS
1d828f42,19,16,PASS
1d828f42,19,17,PASS
1d828f42,19,18,PASS
1d828f42,19,19,PASS
1d828f42,19,20,PASS
1d828f42,19,21,PASS
1d828f42,19,22,PASS
1d828f42,19,23,PASS
1d828f42,19,24,PASS
1d828f42,19,25,PASS
1d828f42,19,26,PASS
1d828f42,19,27,PASS
1d828f42,19,28,PASS
1d828f42,19,29,PASS
1d828f42,19,30,FAIL
1d828f42,19,31,PASS
1d828f42,19,32,PASS
1d828f42,19,33,PASS
1d828f42,19,34,PASS
1d828f42,19,35,FAIL
1d828f42,19,36,PASS
1d828f42,19,37,PASS
1d828f42,19,38,PASS
1d828f42,19,39,PASS
1d828f42,19,40,PASS
1d828f42,19,41,PASS
1d828f42,19,42,PASS
1d828f42,19,43,PASS
1d828f42,19,44,PASS
1d828f42,19,45,PASS
1d828f42,19,46,PASS
1d828f42,19,47,PASS
1d828f42,19,48,PASS
1d828f42,19,49,PASS
1d828f42,19,50,PASS
1d828f42,19,51,PASS
1d828f42,19,52,PASS
1d828f42,19,53,PASS
1d828f42,19,54,PASS
1d828f42,19,55,PASS
1d828f42,19,56,PASS
1d828f42,19,57,PASS
1d828f42,19,58,PASS
1d828f42,19,59,PASS
1d828f42,19,60,PASS
1d828f42,19,61,PASS
1d828f42,19,62,PASS
1d828f42,19,63,PASS
1d828f42,19,64,PASS
1d828f42,19,65,PASS
1d828f42,19,66,PASS
1d828f42,19,67,PASS
1d828f42,19,68,PASS
1d828f42,19,69,PASS
1d828f42,19,70,PASS
1d828f42,19,71,PASS
1d828f42,19,72,PASS
1d828f42,19,73,PASS
1d828f42,19,74,PASS
1d828f42,19,75,PASS
1d828f42,19,76,PASS
1d828f42,19,77,PASS
1d828f42,19,78,PASS
1d828f42,19,79,PASS
1d828f42,19,80,PASS
1d828f42,19,81,PASS
1d828f42,19,82,PASS
1d828f42,19,83,PASS
1d828f42,19,84,PASS
1d828f42,19,85,PASS
1d828f42,19,86,PASS
1d828f42,19,87,PASS
1d828f42,19,88,PASS
1d828f42,19,89,PASS
1d828f42,19,90,PASS
1d828f42,19,91,PASS
1d828f42,19,92,PASS
1d828f42,19,93,PASS
1d828f42,19,94,FAIL
1d828f42,19,95,PASS
1d828f42,19,96,PASS
1d828f42,19,97,PASS
1d828f42,19,98,PASS
1d828f42,19,99,PASS
1d828f42,19,100,PASS
1d828f42,20,1,PASS
1d828f42,20,2,PASS
1d828f42,20,3,PASS
1d828f42,20,4,PASS
1d828f42,20,5,PASS
1d828f42,20,6,PASS
1d828f42,20,7,PASS
1d828f42,20,8,PASS
1d828f42,20,9,PASS
1d828f42,20,10,PASS
1d828f42,20,11,PASS
1d828f42,20,12,PASS
1d828f42,20,13,PASS
1d828f42,20,14,PASS
1d828f42,20,15,PASS
1d828f42,20,16,PASS
1d828f42,20,17,PASS
1d828f42,20,18,PASS
1d828f42,20,19,PASS
1d828f42,20,20,PASS
1d828f42,20,21,PASS
1d828f42,20,22,PASS
1d828f42,20,23,PASS
1d828f42,20,24,PASS
1d828f42,20,25,PASS
1d828f42,20,26,PASS
1d828f42,20,27,PASS
1d828f42,20,28,PASS
1d828f42,20,29,PASS
1d828f42,20,30,PASS
1d828f42,20,31,PASS
1d828f42,20,32,PASS
1d828f42,20,33,PASS
1d828f42,20,34,PASS
1d828f42,20,35,PASS
1d828f42,20,36,PASS
1d828f42,20,37,PASS
1d828f42,20,38,PASS
1d828f42,20,39,PASS
1d828f42,20,40,PASS
1d828f42,20,41,PASS
1d828f42,20,42,PASS
1d828f42,20,43,PASS
1d828f42,20,44,PASS
1d828f42,20,45,PASS
1d828f42,20,46,PASS
1d828f42,20,47,PASS
1d828f42,20,48,FAIL
1d828f42,20,49,PASS
1d828f42,20,50,PASS
1d828f42,20,51,PASS
1d828f42,20,52,PASS
1d828f42,20,53,PASS
1d828f42,20,54,PASS
1d828f42,20,55,PASS
1d828f42,20,56,PASS
1d828f42,20,57,PASS
1d828f42,20,58,PASS
1d828f42,20,59,PASS
1d828f42,20,60,PASS
1d828f42,20,61,PASS
1d828f42,20,62,PASS
1d828f42,20,63,FAIL
1d828f42,20,64,PASS
1d828f42,20,65,PASS
1d828f42,20,66,PASS
1d828f42,20,67,PASS
1d828f42,20,68,FAIL
1d828f42,20,69,PASS
1d828f42,20,70,PASS
1d828f42,20,71,PASS
1d828f42,20,72,PASS
1d828f42,20,73,PASS
1d828f42,20,74,PASS
1d828f42,20,75,PASS
1d828f42,20,76,PASS
1d828f42,20,77,PASS
1d828f42,20,78,PASS
1d828f42,20,79,PASS
1d828f42,20,80,PASS
1d828f42,20,81,PASS
1d828f42,20,82,PASS
1d828f42,20,83,PASS
1d828f42,20,84,PASS
1d828f42,20,85,PASS
1d828f42,20,86,PASS
1d828f42,20,87,PASS
1d828f42,20,88,PASS
1d828f42,20,89,PASS
1d828f42,20,90,PASS
1d828f42,20,91,PASS
1d828f42,20,92,FAIL
1d828f42,20,93,PASS
1d828f42,20,94,PASS
1d828f42,20,95,PASS
1d828f42,20,96,PASS
1d828f42,20,97,PASS
1d828f42,20,98,PASS
1d828f42,20,99,PASS
1d828f42,20,100,PASS
1d828f42,21,1,PASS
1d828f42,21,2,PASS
1d828f42,21,3,PASS
1d828f42,21,4,PASS
1d828f42,21,5,PASS
1d828f42,21,6,PASS
1d828f42,21,7,PASS
1d828f42,21,8,PASS
1d828f42,21,9,PASS
1d828f42,21,10,PASS
1d828f42,21,11,PASS
1d828f42,21,12,PASS
1d828f42,21,13,PASS
1d828f42,21,14,PASS
1d828f42,21,15,PASS
1d828f42,21,16,PASS
1d828f42,21,17,PASS
1d828f42,21,18,PASS
1d828f42,21,19,PASS
1d828f42,21,20,PASS
1d828f42,21,21,PASS
1d828f42,21,22,PASS
1d828f42,21,23,PASS
1d828f42,21,24,PASS
1d828f42,21,25,PASS
1d828f42,21,26,PASS
1d828f42,21,27,PASS
1d828f42,21,28,PASS
1d828f42,21,29,PASS
1d828f42,21,30,PASS
1d828f42,21,31,PASS
1d828f42,21,32,PASS
1d828f42,21,33,PASS
1d828f42,21,34,FAIL
1d828f42,21,35,PASS
1d828f42,21,36,PASS
1d828f42,21,37,PASS
1d828f42,21,38,PASS
1d828f42,21,39,PASS
1d828f42,21,40,PASS
1d828f42,21,41,PASS
1d828f42,21,42,PASS
1d828f42,21,43,PASS
1d828f42,21,44,PASS
1d828f42,21,45,PASS
1d828f42,21,46,PASS
1d828f42,21,47,PASS
1d828f42,21,48,PASS
1d828f42,21,49,PASS
1d828f42,21,50,PASS
1d828f42,21,51,PASS
1d828f42,21,52,PASS
1d828f42,21,53,PASS
1d828f42,21,54,PASS
1d828f42,21,55,PASS
1d828f42,21,56,PASS
1d828f42,21,57,PASS
1d828f42,21,58,PASS
1d828f42,21,59,PASS
1d828f42,21,60,PASS
1d828f42,21,61,PASS
1d828f42,21,62,FAIL
1d828f42,21,63,FAIL
1d828f42,21,64,PASS
1d828f42,21,65,PASS
1d828f42,21,66,PASS
1d828f42,21,67,PASS
1d828f42,21,68,PASS
1d828f42,21,69,PASS
1d828f42,21,70,PASS
1d828f42,21,71,PASS
1d828f42,21,72,PASS
1d828f42,21,73,PASS
1d828f42,21,74,PASS
1d828f42,21,75,PASS
1d828f42,21,76,PASS
1d828f42,21,77,PASS
1d828f42,21,78,PASS
1d828f42,21,79,PASS
1d828f42,21,80,PASS
1d828f42,21,81,PASS
1d828f42,21,82,PASS
1d828f42,21,83,PASS
1d828f42,21,84,PASS
1d828f42,21,85,PASS
1d828f42,21,86,PASS
1d828f42,21,87,PASS
1d828f42,21,88,PASS
1d828f42,21,89,PASS
1d828f42,21,90,PASS
1d828f42,21,91,PASS
1d828f42,21,92,PASS
1d828f42,21,93,PASS
1d828f42,21,94,PASS
1d828f42,21,95,PASS
1d828f42,21,96,PASS
1d828f42,21,97,PASS
1d828f42,21,98,PASS
1d828f42,21,99,PASS
1d828f42,21,100,PASS
1d828f42,22,1,PASS
1d828f42,22,2,PASS
1d828f42,22,3,PASS
1d828f42,22,4,PASS
1d828f42,22,5,PASS
1d828f42,22,6,FAIL
1d828f42,22,7,PASS
1d828f42,22,8,PASS
1d828f42,22,9,PASS
1d828f42,22,10,PASS
1d828f42,22,11,PASS
1d828f42,22,12,PASS
1d828f42,22,13,PASS
1d828f42,22,14,PASS
1d828f42,22,15,PASS
1d828f42,22,16,PASS
1d828f42,22,17,PASS
1d828f42,22,18,PASS
1d828f42,22,19,PASS
1d828f42,22,20,PASS
1d828f42,22,21,PASS
1d828f42,22,22,PASS
1d828f42,22,23,PASS
1d828f42,22,24,PASS
1d828f42,22,25,PASS
1d828f42,22,26,PASS
1d828f42,22,27,PASS
1d828f42,22,28,PASS
1d828f42,22,29,PASS
1d828f42,22,30,PASS
1d828f42,22,31,PASS
1d828f42,22,32,PASS
1d828f42,22,33,PASS
1d828f42,22,34,PASS
1d828f42,22,35,PASS
1d828f42,22,36,PASS
1d828f42,22,37,PASS
1d828f42,22,38,PASS
1d828f42,22,39,PASS
1d828f42,22,40,PASS
1d828f42,22,41,PASS
1d828f42,22,42,PASS
1d828f42,22,43,PASS
1d828f42,22,44,PASS
1d828f42,22,45,PASS
1d828f42,22,46,PASS
1d828f42,22,47,PASS
1d828f42,22,48,PASS
1d828f42,22,49,PASS
1d828f42,22,50,PASS
1d828f42,22,51,PASS
1d828f42,22,52,PASS
1d828f42,22,53,PASS
1d828f42,22,54,PASS
1d828f42,22,55,PASS
1d828f42,22,56,PASS
1d828f42,22,57,PASS
1d828f42,22,58,PASS
1d828f42,22,59,PASS
1d828f42,22,60,PASS
1d828f42,22,61,PASS
1d828f42,22,62,PASS
1d828f42,22,63,PASS
1d828f42,22,64,PASS
1d828f42,22,65,PASS
1d828f42,22,66,PASS
1d828f42,22,67,PASS
1d828f42,22,68,PASS
1d828f42,22,69,PASS
1d828f42,22,70,PASS
1d828f42,22,71,PASS
1d828f42,22,72,PASS
1d828f42,22,73,FAIL
1d828f42,22,74,PASS
1d828f42,22,75,PASS
1d828f42,22,76,PASS
1d828f42,22,77,PASS
1d828f42,22,78,PASS
1d828f42,22,79,PASS
1d828f42,22,80,PASS
1d828f42,22,81,PASS
1d828f42,22,82,PASS
1d828f42,22,83,PASS
1d828f42,22,84,PASS
1d828f42,22,85,PASS
1d828f42,22,86,PASS
1d828f42,22,87,PASS
1d828f42,22,88,PASS
1d828f42,22,89,PASS
1d828f42,22,90,PASS
1d828f42,22,91,PASS
1d828f42,22,92,PASS
1d828f42,22,93,PASS
1d828f42,22,94,PASS
1d828f42,22,95,PASS
1d828f42,22,96,PASS
1d828f42,22,97,PASS
1d828f42,22,98,PASS
1d828f42,22,99,PASS
1d828f42,22,100,PASS
1d828f42,23,1,PASS
1d828f42,23,2,PASS
1d828f42,23,3,PASS
1d828f42,23,4,PASS
1d828f42,23,5,PASS
1d828f42,23,6,PASS
1d828f42,23,7,PASS
1d828f42,23,8,PASS
1d828f42,23,9,PASS
1d828f42,23,10,FAIL
1d828f42,23,11,PASS
1d828f42,23,12,PASS
1d828f42,23,13,PASS
1d828f42,23,14,PASS
1d828f42,23,15,PASS
1d828f42,23,16,PASS
1d828f42,23,17,PASS
1d828f42,23,18,PASS
1d828f42,23,19,PASS
1d828f42,23,20,PASS
1d828f42,23,21,PASS
1d828f42,23,22,PASS
1d828f42,23,23,PASS
1d828f42,23,24,PASS
1d828f42,23,25,PASS
1d828f42,23,26,PASS
1d828f42,23,27,PASS
1d828f42,23,28,PASS
1d828f42,23,29,PASS
1d828f42,23,30,PASS
1d828f42,23,31,PASS
1d828f42,23,32,PASS
1d828f42,23,33,FAIL
1d828f42,23,34,FAIL
1d828f42,23,35,PASS
1d828f42,23,36,PASS
1d828f42,23,37,PASS
1d828f42,23,38,PASS
1d828f42,23,39,PASS
1d828f42,23,40,PASS
1d828f42,23,41,PASS
1d828f42,23,42,PASS
1d828f42,23,43,PASS
1d828f42,23,44,PASS
1d828f42,23,45,PASS
1d828f42,23,46,PASS
1d828f42,23,47,PASS
1d828f42,23,48,PASS
1d828f42,23,49,PASS
1d828f42,23,50,PASS
1d828f42,23,51,PASS
1d828f42,23,52,PASS
1d828f42,23,53,PASS
1d828f42,23,54,PASS
1d828f42,23,55,PASS
1d828f42,23,56,PASS
1d828f42,23,57,PASS
1d828f42,23,58,PASS
1d828f42,23,59,PASS
1d828f42,23,60,PASS
1d828f42,23,61,PASS
1d828f42,23,62,PASS
1d828f42,23,63,PASS
1d828f42,23,64,PASS
1d828f42,23,65,PASS
1d828f42,23,66,PASS
1d828f42,23,67,PASS
1d828f42,23,68,PASS
1d828f42,23,69,PASS
1d828f42,23,70,PASS
1d828f42,23,71,PASS
1d828f42,23,72,PASS
1d828f42,23,73,PASS
1d828f42,23,74,PASS
1d828f42,23,75,PASS
1d828f42,23,76,PASS
1d828f42,23,77,PASS
1d828f42,23,78,PASS
1d828f42,23,79,PASS
1d828f42,23,80,PASS
1d828f42,23,81,PASS
1d828f42,23,82,PASS
1d828f42,23,83,PASS
1d828f42,23,84,PASS
1d828f42,23,85,PASS
1d828f42,23,86,PASS
1d828f42,23,87,PASS
1d828f42,23,88,FAIL
1d828f42,23,89,PASS
1d828f42,23,90,PASS
1d828f42,23,91,PASS
1d828f42,23,92,PASS
1d828f42,23,93,PASS
1d828f42,23,94,PASS
1d828f42,23,95,PASS
1d828f42,23,96,PASS
1d828f42,23,97,PASS
1d828f42,23,98,PASS
1d828f42,23,99,PASS
1d828f42,23,100,PASS
1d828f42,24,1,PASS
1d828f42,24,2,PASS
1d828f42,24,3,PASS
1d828f42,24,4,PASS
1d828f42,24,5,PASS
1d828f42,24,6,PASS
1d828f42,24,7,FAIL
1d828f42,24,8,PASS
1d828f42,24,9,PASS
1d828f42,24,10,PASS
1d828f42,24,11,PASS
1d828f42,24,12,PASS
1d828f42,24,13,PASS
1d828f42,24,14,PASS
1d828f42,24,15,FAIL
1d828f42,24,16,PASS
1d828f42,24,17,PASS
1d828f42,24,18,PASS
1d828f42,24,19,PASS
1d828f42,24,20,PASS
1d828f42,24,21,FAIL
1d828f42,24,22,PASS
1d828f42,24,23,PASS
1d828f42,24,24,PASS
1d828f42,24,25,PASS
1d828f42,24,26,PASS
1d828f42,24,27,PASS
1d828f42,24,28,PASS
1d828f42,24,29,PASS
1d828f42,24,30,PASS
1d828f42,24,31,PASS
1d828f42,24,32,PASS
1d828f42,24,33,PASS
1d828f42,24,34,PASS
1d828f42,24,35,PASS
1d828f42,24,36,PASS
1d828f42,24,37,PASS
1d828f42,24,38,PASS
1d828f42,24,39,PASS
1d828f42,24,40,PASS
1d828f42,24,41,PASS
1d828f42,24,42,PASS
1d828f42,24,43,PASS
1d828f42,24,44,PASS
1d828f42,24,45,PASS
1d828f42,24,46,PASS
1d828f42,24,47,PASS
1d828f42,24,48,PASS
1d828f42,24,49,FAIL
1d828f42,24,50,PASS
1d828f42,24,51,PASS
1d828f42,24,52,PASS
1d828f42,24,53,PASS
1d828f42,24,54,PASS
1d828f42,24,55,PASS
1d828f42,24,56,PASS
1d828f42,24,57,PASS
1d828f42,24,58,PASS
1d828f42,24,59,PASS
1d828f42,24,60,PASS
1d828f42,24,61,PASS
1d828f42,24,62,PASS
1d828f42,24,63,PASS
1d828f42,24,64,PASS
1d828f42,24,65,PASS
1d828f42,24,66,PASS
1d828f42,24,67,PASS
1d828f42,24,68,FAIL
1d828f42,24,69,PASS
1d828f42,24,70,PASS
1d828f42,24,71,PASS
1d828f42,24,72,PASS
1d828f42,24,73,PASS
1d828f42,24,74,PASS
1d828f42,24,75,PASS
1d828f42,24,76,PASS
1d828f42,24,77,PASS
1d828f42,24,78,FAIL
1d828f42,24,79,PASS
1d828f42,24,80,FAIL
1d828f42,24,81,PASS
1d828f42,24,82,PASS
1d828f42,24,83,PASS
1d828f42,24,84,PASS
1d828f42,24,85,PASS
1d828f42,24,86,PASS
1d828f42,24,87,PASS
1d828f42,24,88,PASS
1d828f42,24,89,FAIL
1d828f42,24,90,PASS
1d828f42,24,91,FAIL
1d828f42,24,92,PASS
1d828f42,24,93,PASS
1d828f42,24,94,PASS
1d828f42,24,95,PASS
1d828f42,24,96,PASS
1d828f42,24,97,PASS
1d828f42,24,98,PASS
1d828f42,24,99,PASS
1d828f42,24,100,PASS
1d828f42,25,1,PASS
1d828f42,25,2,PASS
1d828f42,25,3,PASS
1d828f42,25,4,PASS
1d828f42,25,5,PASS
1d828f42,25,6,PASS
1d828f42,25,7,PASS
1d828f42,25,8,PASS
1d828f42,25,9,PASS
1d828f42,25,10,PASS
1d828f42,25,11,PASS
1d828f42,25,12,PASS
1d828f42,25,13,PASS
1d828f42,25,14,PASS
1d828f42,25,15,PASS
1d828f42,25,16,PASS
1d828f42,25,17,PASS
1d828f42,25,18,PASS
1d828f42,25,19,PASS
1d828f42,25,20,PASS
1d828f42,25,21,PASS
1d828f42,25,22,PASS
1d828f42,25,23,PASS
1d828f42,25,24,PASS
1d828f42,25,25,PASS
1d828f42,25,26,PASS
1d828f42,25,27,PASS
1d828f42,25,28,PASS
1d828f42,25,29,PASS
1d828f42,25,30,PASS
1d828f42,25,31,PASS
1d828f42,25,32,PASS
1d828f42,25,33,PASS
1d828f42,25,34,PASS
1d828f42,25,35,PASS
1d828f42,25,36,PASS
1d828f42,25,37,PASS
1d828f42,25,38,PASS
1d828f42,25,39,PASS
1d828f42,25,40,PASS
1d828f42,25,41,PASS
1d828f42,25,42,PASS
1d828f42,25,43,PASS
1d828f42,25,44,PASS
1d828f42,25,45,PASS
1d828f42,25,46,PASS
1d828f42,25,47,PASS
1d828f42,25,48,PASS
1d828f42,25,49,PASS
1d828f42,25,50,PASS
1d828f42,25,51,PASS
1d828f42,25,52,PASS
1d828f42,25,53,PASS
1d828f42,25,54,PASS
1d828f42,25,55,PASS
1d828f42,25,56,PASS
1d828f42,25,57,PASS
1d828f42,25,58,PASS
1d828f42,25,59,PASS
1d828f42,25,60,PASS
1d828f42,25,61,PASS
1d828f42,25,62,PASS
1d828f42,25,63,PASS
1d828f42,25,64,PASS
1d828f42,25,65,PASS
1d828f42,25,66,PASS
1d828f42,25,67,PASS
1d828f42,25,68,PASS
1d828f42,25,69,PASS
1d828f42,25,70,PASS
1d828f42,25,71,PASS
1d828f42,25,72,PASS
1d828f42,25,73,PASS
1d828f42,25,74,PASS
1d828f42,25,75,PASS
1d828f42,25,76,PASS
1d828f42,25,77,PASS
1d828f42,25,78,PASS
1d828f42,25,79,PASS
1d828f42,25,80,PASS
1d828f42,25,81,PASS
1d828f42,25,82,PASS
1d828f42,25,83,PASS
1d828f42,25,84,PASS
1d828f42,25,85,PASS
1d828f42,25,86,PASS
1d828f42,25,87,PASS
1d828f42,25,88,PASS
1d828f42,25,89,PASS
1d828f42,25,90,PASS
1d828f42,25,91,PASS
1d828f42,25,92,PASS
1d828f42,25,93,PASS
1d828f42,25,94,PASS
1d828f42,25,95,PASS
1d828f42,25,96,PASS
1d828f42,25,97,PASS
1d828f42,25,98,PASS
1d828f42,25,99,PASS
1d828f42,25,100,PASS
